community_name,builder,location,price_range,commission_rate,registration_policy,registration_notes,status,builder_url
Eastmark,Toll Brothers,Mesa AZ,$650K–$950K,3.0,Remote,,Active,https://www.tollbrothers.com/luxury-homes/Arizona/Eastmark
Cadence at Gateway,Lennar,Mesa AZ,$420K–$680K,3.0,Remote,,Active,https://www.lennar.com/new-homes/arizona/phoenix/mesa/cadence-at-gateway
Waterston North,Beazer Homes,Gilbert AZ,$550K–$800K,2.5,In-person,"Beazer requires in-person registration. Contact keep at least two business days before your planned visit so we can arrange it.",Active,
Estrella,Taylor Morrison,Goodyear AZ,$380K–$560K,3.0,Remote,,Active,https://www.taylormorrison.com/arizona/phoenix/goodyear/estrella
Verrado,William Lyon Homes,Buckeye AZ,$400K–$700K,3.0,Remote,,Coming soon,
Monroe Ranch,K. Hovnanian,Buckeye AZ,Mid $300s,3.0,Remote,,Active,https://www.khov.com/new-construction-homes/arizona/buckeye/monroe-ranch/
Chalet at Legacy Place,K. Hovnanian,Glendale AZ,Upper $400s,3.0,Remote,,Active,https://www.khov.com/new-construction-homes/arizona/glendale/chalet-at-legacy-place/
Urban at South Mountain,K. Hovnanian,Phoenix AZ,Low $400s,3.0,Remote,,Active,https://www.khov.com/new-construction-homes/arizona/phoenix-city/urban-at-south-mountain/
Manor at Legacy Place,K. Hovnanian,Peoria AZ,Upper $400s,3.0,Remote,,Active,https://www.khov.com/new-construction-homes/arizona/peoria/manor-at-legacy-place/
Serenity at Sonoran Foothills,K. Hovnanian,Phoenix AZ,Low $500s,3.0,Remote,,Active,https://www.khov.com/new-construction-homes/arizona/phoenix-city/serenity-at-sonoran-foothills/
Sheffield Place,K. Hovnanian,Gilbert AZ,Low $700s,3.0,Remote,,Active,https://www.khov.com/new-construction-homes/arizona/gilbert/sheffield-place/
Viviendo,K. Hovnanian,Chandler AZ,Upper $700s,3.0,Remote,,Active,https://www.khov.com/new-construction-homes/arizona/chandler/viviendo/
Edgewood,K. Hovnanian,San Tan Valley AZ,Low $500s,3.0,Remote,,Active,https://www.khov.com/new-construction-homes/arizona/san-tan-valley/edgewood-villas/
Aria at Silverstone,K. Hovnanian,Scottsdale AZ,Low $900s,3.0,Remote,,Active,https://www.khov.com/new-construction-homes/arizona/scottsdale/aria-at-silverstone/
Prestige on 64th,K. Hovnanian,Phoenix AZ,Low $900s,3.0,Remote,,Active,https://www.khov.com/new-construction-homes/arizona/phoenix-city/prestige-on-64th/
Campanos Estates,K. Hovnanian,Peoria AZ,Low $1M,3.0,Remote,,Active,https://www.khov.com/new-construction-homes/arizona/peoria/campanos-estates/
Vistara,K. Hovnanian,Chandler AZ,Low $1M,3.0,Remote,,Active,https://www.khov.com/new-construction-homes/arizona/chandler/vistara/
Brambling at Waterston Central,Tri Pointe Homes,Gilbert AZ,Low $600s,3.0,In-person,"Registration expires after 30 days. Contact keep before your first visit.",Active,https://www.tripointehomes.com/az/phoenix-metro/brambling-at-waterston-central
Summit Collection at Whispering Hills,Tri Pointe Homes,Laveen AZ,High $600s,3.0,In-person,"Registration expires after 30 days. Contact keep before your first visit.",Active,https://www.tripointehomes.com/az/phoenix-metro/summit-collection-at-whispering-hills
Camerano at Abel Ranch,Tri Pointe Homes,Goodyear AZ,Mid $500s,3.0,In-person,"Registration expires after 30 days. Contact keep before your first visit.",Active,https://www.tripointehomes.com/az/phoenix-metro/camerano-at-abel-ranch
Navarre at Abel Ranch,Tri Pointe Homes,Goodyear AZ,Low $600s,3.0,In-person,"Registration expires after 30 days. Contact keep before your first visit.",Active,https://www.tripointehomes.com/az/phoenix-metro/navarre-at-abel-ranch
Molino at Soleo,Tri Pointe Homes,San Tan Valley AZ,Low $500s,3.0,In-person,"Registration expires after 30 days. Contact keep before your first visit.",Active,https://www.tripointehomes.com/az/phoenix-metro/molino-at-soleo
Blossom Rock,Tri Pointe Homes,Apache Junction AZ,Mid $700s,3.0,In-person,"Registration expires after 30 days. Contact keep before your first visit.",Active,https://www.tripointehomes.com/az/phoenix-metro/blossom-rock
Vireo at Waterston Central,Tri Pointe Homes,Gilbert AZ,Low $700s,3.0,In-person,"Registration expires after 30 days. Contact keep before your first visit.",Active,https://www.tripointehomes.com/az/phoenix-metro/vireo-at-waterston-central
Jacamar at Waterston Central,Tri Pointe Homes,Gilbert AZ,Low $700s,3.0,In-person,"Registration expires after 30 days. Contact keep before your first visit.",Active,https://www.tripointehomes.com/az/phoenix-metro/jacamar-at-waterston-central
Gannet at Waterston Central,Tri Pointe Homes,Gilbert AZ,High $600s,3.0,In-person,"Registration expires after 30 days. Contact keep before your first visit.",Active,https://www.tripointehomes.com/az/phoenix-metro/gannet-at-waterston-central
Revana at Soleo,Tri Pointe Homes,San Tan Valley AZ,High $500s,3.0,In-person,"Registration expires after 30 days. Contact keep before your first visit.",Active,https://www.tripointehomes.com/az/phoenix-metro/revana-at-soleo
Solstice at Terraza,Tri Pointe Homes,San Tan Valley AZ,Mid $500s,3.0,In-person,"Registration expires after 30 days. Contact keep before your first visit.",Active,https://www.tripointehomes.com/az/phoenix-metro/solstice-at-terraza
Ridge Collection at Whispering Hills,Tri Pointe Homes,Laveen AZ,High $500s,3.0,In-person,"Registration expires after 30 days. Contact keep before your first visit.",Active,https://www.tripointehomes.com/az/phoenix-metro/ridge-collection-at-whispering-hills
Atlas Collection at Whispering Hills,Tri Pointe Homes,Laveen AZ,Low $1.1M,3.0,In-person,"Registration expires after 30 days. Contact keep before your first visit.",Active,https://www.tripointehomes.com/az/phoenix-metro/atlas-collection-at-whispering-hills
Emberly,Tri Pointe Homes,Queen Creek AZ,From $1.3M,3.0,In-person,"Registration expires after 30 days. Contact keep before your first visit.",Active,https://www.tripointehomes.com/az/phoenix-metro/emberly
Canastero at Waterston Central,Tri Pointe Homes,Gilbert AZ,Low $800s,3.0,In-person,"Registration expires after 30 days. Contact keep before your first visit.",Active,https://www.tripointehomes.com/az/phoenix-metro/canastero-at-waterston-central
Lucent at Terraza,Tri Pointe Homes,San Tan Valley AZ,From $430K,3.0,In-person,"Registration expires after 30 days. Contact keep before your first visit.",Active,https://www.tripointehomes.com/az/phoenix-metro/lucent-at-terraza/
Arietta at Soleo,Tri Pointe Homes,San Tan Valley AZ,From $440K,3.0,In-person,"Registration expires after 30 days. Contact keep before your first visit.",Active,https://www.tripointehomes.com/az/phoenix-metro/arietta-at-soleo/
Luna at Soleo,Tri Pointe Homes,San Tan Valley AZ,From $500K,3.0,In-person,"Registration expires after 30 days. Contact keep before your first visit.",Active,https://www.tripointehomes.com/az/phoenix-metro/luna-at-soleo/
Highpointe at Northpointe,Beazer Homes,Peoria AZ,From $540K,2.5,In-person,"In-person registration required. Contact keep at least two business days before visiting.",Active,https://www.beazer.com/phoenix-az/highpointe-at-northpointe
Sanctuary,Beazer Homes,Phoenix AZ,From $580K,2.5,In-person,"In-person registration required. Contact keep at least two business days before visiting.",Active,https://www.beazer.com/phoenix-az/sanctuary
Montana Vista,Beazer Homes,Buckeye AZ,From $370K,2.5,In-person,"In-person registration required. Contact keep at least two business days before visiting.",Active,https://www.beazer.com/phoenix-az/montana-vista
Tirreno at IronWing,Beazer Homes,Litchfield Park AZ,From $450K,2.5,In-person,"In-person registration required. Contact keep at least two business days before visiting.",Active,https://www.beazer.com/phoenix-az/tirreno-at-ironwing
Retreat Collection at Union Park,Cachet Homes,Phoenix AZ,Mid $600s,3.0,In-person,"In-person registration required. Contact keep before visiting.",Active,https://www.cachethomes.net/community/union-park/retreat-collection/
Emerald Hills,Cachet Homes,Scottsdale AZ,From $3M,3.0,In-person,"In-person registration required. Contact keep before visiting.",Active,https://www.cachethomes.net/community/emerald-hills/
Miravida,Mattamy Homes,Surprise AZ,$461K–$624K,3.0,In-person,"In-person registration required. Contact keep before visiting.",Active,https://mattamyhomes.com/arizona/phoenix/surprise/miravida
Allen Ranches,Pulte Homes,Litchfield Park AZ,$300s–$600s,3.0,In-person,"In-person registration required. Contact keep before visiting.",Active,https://www.pulte.com/homes/arizona/phoenix/litchfield-park/allen-ranches-210996
Aloravita,Pulte Homes,Peoria AZ,$500s–$900s,3.0,In-person,"In-person registration required. Contact keep before visiting.",Active,https://www.pulte.com/homes/arizona/phoenix/peoria/aloravita-211091
Legado West,Pulte Homes,Queen Creek AZ,$500s–$800s,3.0,In-person,"In-person registration required. Contact keep before visiting.",Active,https://www.pulte.com/homes/arizona/phoenix/queen-creek/legado-west-211397
Harvest Enchantment Series,Pulte Homes,Queen Creek AZ,Contact builder,3.0,In-person,"In-person registration required. Contact keep before visiting.",Active,https://www.pulte.com/homes/arizona/phoenix/queen-creek/harvest-enchantment-series-210900
Artisan at Asante,Pulte Homes,Surprise AZ,$400s–$600s,3.0,In-person,"In-person registration required. Contact keep before visiting.",Active,https://www.pulte.com/homes/arizona/phoenix/surprise/artisan-at-asante-211230
Upper Canyon,D.R. Horton,Phoenix AZ,From $600K,3.0,In-person,"In-person registration required. Contact keep before visiting.",Active,https://www.drhorton.com/arizona/phoenix/phoenix/upper-canyon
Avance,D.R. Horton,Phoenix AZ,From $488K,3.0,In-person,"In-person registration required. Contact keep before visiting.",Active,https://www.drhorton.com/arizona/phoenix/phoenix/avance
Talinn at Desert Ridge,D.R. Horton,Phoenix AZ,From $628K,3.0,In-person,"In-person registration required. Contact keep before visiting.",Active,https://www.drhorton.com/arizona/phoenix/phoenix/talinn-at-desert-ridge
Sorrento,D.R. Horton,Maricopa AZ,From $317K,3.0,In-person,"In-person registration required. Contact keep before visiting.",Active,https://www.drhorton.com/arizona/phoenix/maricopa/sorrento
Zanjero Pass,D.R. Horton,Waddell AZ,From $409K,3.0,In-person,"In-person registration required. Contact keep before visiting.",Active,https://www.drhorton.com/arizona/phoenix/surprise/zanjero-pass
Rio Rancho Estates,D.R. Horton,Surprise AZ,From $371K,3.0,In-person,"In-person registration required. Contact keep before visiting.",Active,https://www.drhorton.com/arizona/phoenix/surprise/rio-rancho-estates
Aloravita,D.R. Horton,Peoria AZ,From $608K,3.0,In-person,"In-person registration required. Contact keep before visiting.",Active,https://www.drhorton.com/arizona/phoenix/peoria/aloravita
Desert Moon Estates,D.R. Horton,Buckeye AZ,From $413K,3.0,In-person,"In-person registration required. Contact keep before visiting.",Active,https://www.drhorton.com/arizona/phoenix/buckeye/desert-moon
Del Rio Ranch,D.R. Horton,Avondale AZ,From $415K,3.0,In-person,"In-person registration required. Contact keep before visiting.",Active,https://www.drhorton.com/arizona/phoenix/avondale/del-rio-ranch
Acclaim at Jorde Farms,Shea Homes,Queen Creek AZ,From $497K,3.0,In-person,"In-person registration required. Contact keep before visiting.",Active,https://www.sheahomes.com/new-homes/arizona/phoenix-area/queen-creek/acclaim-at-jorde-farms
Ascent at Aloravita,Shea Homes,Peoria AZ,From $660K,3.0,In-person,"In-person registration required. Contact keep before visiting.",Active,https://www.sheahomes.com/new-homes/arizona/phoenix-area/peoria/ascent-at-aloravita
Ascent at Avalon Crossing,Shea Homes,Mesa AZ,From $561K,3.0,In-person,"In-person registration required. Contact keep before visiting.",Active,https://www.sheahomes.com/new-homes/arizona/phoenix-area/mesa/ascent-at-avalon-crossing
Ascent at Jorde Farms,Shea Homes,Queen Creek AZ,From $582K,3.0,In-person,"In-person registration required. Contact keep before visiting.",Active,https://www.sheahomes.com/new-homes/arizona/phoenix-area/queen-creek/ascent-at-jorde-farms
Ascent at Legacy Place,Shea Homes,Peoria AZ,From $546K,3.0,In-person,"In-person registration required. Contact keep before visiting.",Active,https://www.sheahomes.com/new-homes/arizona/phoenix-area/peoria/ascent-at-legacy-place
Emblem at Aloravita,Shea Homes,Peoria AZ,From $755K,3.0,In-person,"In-person registration required. Contact keep before visiting.",Active,https://www.sheahomes.com/new-homes/arizona/phoenix-area/peoria/emblem-at-aloravita
Emblem at Avalon Crossing,Shea Homes,Mesa AZ,From $660K,3.0,In-person,"In-person registration required. Contact keep before visiting.",Active,https://www.sheahomes.com/new-homes/arizona/phoenix-area/mesa/emblem-at-avalon-crossing
Emblem at Blossom Rock,Shea Homes,Apache Junction AZ,From $669K,3.0,In-person,"In-person registration required. Contact keep before visiting.",Active,https://www.sheahomes.com/new-homes/arizona/phoenix-area/apache-junction/emblem-at-blossom-rock
Emblem at Oro Ridge,Shea Homes,Queen Creek AZ,From $695K,3.0,In-person,"In-person registration required. Contact keep before visiting.",Active,https://www.sheahomes.com/new-homes/arizona/phoenix-area/queen-creek/emblem-at-oro-ridge
Medley at Avalon Crossing,Shea Homes,Mesa AZ,From $504K,3.0,In-person,"In-person registration required. Contact keep before visiting.",Active,https://www.sheahomes.com/new-homes/arizona/phoenix-area/mesa/medley-at-avalon-crossing
Ridgecrest (Trilogy),Shea Homes,Peoria AZ,From $471K,3.0,In-person,"In-person registration required. Contact keep before visiting.",Active,https://www.sheahomes.com/new-homes/arizona/phoenix-area/peoria/ridgecrest-a-trilogy-boutique-community
Signature at Black Mountain,Shea Homes,Scottsdale AZ,From $4.6M,3.0,In-person,"In-person registration required. Contact keep before visiting.",Active,https://www.sheahomes.com/new-homes/arizona/phoenix-area/scottsdale/signature-at-black-mountain
Signature at Storyrock,Shea Homes,Scottsdale AZ,From $3.4M,3.0,In-person,"In-person registration required. Contact keep before visiting.",Active,https://www.sheahomes.com/new-homes/arizona/phoenix-area/scottsdale/signature-at-storyrock
Skymark at Northpointe,Shea Homes,Peoria AZ,From $647K,3.0,In-person,"In-person registration required. Contact keep before visiting.",Active,https://www.sheahomes.com/new-homes/arizona/phoenix-area/peoria/skymark-at-northpointe
Symmetry at Magnolia,Shea Homes,Chandler AZ,From $1.2M,3.0,In-person,"In-person registration required. Contact keep before visiting.",Active,https://www.sheahomes.com/new-homes/arizona/phoenix-area/chandler/symmetry-at-magnolia
The Reserves at Lone Mountain,Shea Homes,Cave Creek AZ,From $1.65M,3.0,In-person,"In-person registration required. Contact keep before visiting.",Active,https://www.sheahomes.com/new-homes/arizona/phoenix-area/cave-creek/the-reserves-at-lone-mountain
The Reserves at Storyrock,Shea Homes,Scottsdale AZ,From $2M,3.0,In-person,"In-person registration required. Contact keep before visiting.",Active,https://www.sheahomes.com/new-homes/arizona/phoenix-area/scottsdale/the-reserves-at-storyrock
Trilogy at Verde River,Shea Homes,Rio Verde AZ,From $455K,3.0,In-person,"In-person registration required. Contact keep before visiting.",Active,https://www.sheahomes.com/new-homes/arizona/phoenix-area/rio-verde/trilogy-at-verde-river
Trilogy at Wickenburg Ranch,Shea Homes,Wickenburg AZ,From $353K,3.0,In-person,"In-person registration required. Contact keep before visiting.",Active,https://www.sheahomes.com/new-homes/arizona/phoenix-area/wickenburg/trilogy-at-wickenburg-ranch
Encanterra (Trilogy Resort),Shea Homes,Queen Creek AZ,From $485K,3.0,In-person,"In-person registration required. Contact keep before visiting.",Active,https://www.sheahomes.com/new-homes/arizona/phoenix-area/queen-creek/encanterra-a-trilogy-resort-community
Acclaim,Fulton Homes,Avondale AZ,From the $570s,3.0,Remote,,Active,https://www.fultonhomes.com/our-communities/acclaim
Cooley Station,Fulton Homes,Gilbert AZ,From the $580s,3.0,Remote,,Active,https://www.fultonhomes.com/our-communities/cooley-station
Enclave,Fulton Homes,Litchfield Park AZ,From the $650s,3.0,Remote,,Active,https://www.fultonhomes.com/our-communities/enclave
Barney Farms,Fulton Homes,Queen Creek AZ,From the $780s,3.0,Remote,,Active,https://www.fultonhomes.com/our-communities/barney-farms
Promenade,Fulton Homes,San Tan Valley AZ,From the $480s,3.0,Remote,,Active,https://www.fultonhomes.com/our-communities/promenade
Escalante,Fulton Homes,Surprise AZ,From the $600s,3.0,Remote,,Active,https://www.fultonhomes.com/our-communities/escalante
Prasada,Fulton Homes,Surprise AZ,From the $540s,3.0,Remote,,Active,https://www.fultonhomes.com/our-communities/prasada
The Edge at Joy Ranch,Camelot Homes,Scottsdale AZ,Low $2M,3.0,Remote,,Active,https://camelothomes.com/community/the-edge-joy-ranch/
The Villas II,Camelot Homes,Scottsdale AZ,From $2.4M,3.0,Remote,,Active,https://camelothomes.com/community/the-villas-ii/
Viridian,Camelot Homes,Phoenix AZ,From $1.57M,3.0,Remote,,Active,https://camelothomes.com/community/viridian/
Aura,Camelot Homes,Scottsdale AZ,From $2.3M,3.0,Remote,,Active,https://camelothomes.com/community/aura/
Shadow Ridge,Camelot Homes,Scottsdale AZ,From $2.75M,3.0,Remote,,Active,https://camelothomes.com/community/shadow-ridge/
Stone Crest,Camelot Homes,Gilbert AZ,Contact builder,3.0,Remote,,Active,https://camelothomes.com/community/stone-crest/
The Retreat,Camelot Homes,Scottsdale AZ,From $2.1M,3.0,Remote,,Active,https://camelothomes.com/community/the-retreat/
Seasons at Baker Farms,Richmond American Homes,Phoenix AZ,$485K–$538K,3.0,Remote,,Active,https://www.richmondamerican.com/arizona/phoenix-new-homes/phoenix/seasons-at-baker-farms/
Seasons at Vista del Verde II,Richmond American Homes,Avondale AZ,Contact builder,3.0,Remote,,Active,https://www.richmondamerican.com/arizona/phoenix-new-homes/avondale/seasons-at-vista-del-verde-ii/
Aloravita South,Taylor Morrison,Peoria AZ,Contact builder,3.0,Remote,,Active,https://www.taylormorrison.com/az/phoenix/aloravita-community-group
Artisan at Asante,Taylor Morrison,Surprise AZ,Contact builder,3.0,Remote,,Active,https://www.taylormorrison.com/az/phoenix/artisan-at-asante-community-group
Hawes Crossing,Taylor Morrison,Mesa AZ,Contact builder,3.0,Remote,,Active,https://www.taylormorrison.com/az/phoenix/hawes-crossing-community-group
Legado,Taylor Morrison,Queen Creek AZ,Contact builder,3.0,Remote,,Active,https://www.taylormorrison.com/az/phoenix/queen-creek/legado-summit-collection
Beacon in Estrella,Toll Brothers,Goodyear AZ,From $460K,3.0,Remote,,Active,https://www.tollbrothers.com/luxury-homes-for-sale/Arizona/Beacon-in-Estrella
Preserve at San Tan,Toll Brothers,San Tan Valley AZ,From $458K,3.0,Remote,,Active,https://www.tollbrothers.com/luxury-homes-for-sale/Arizona/Preserve-at-San-Tan
Sereno Canyon,Toll Brothers,Scottsdale AZ,From $970K,3.0,Remote,,Active,https://www.tollbrothers.com/luxury-homes-for-sale/Arizona/Sereno-Canyon
Sterling Grove,Toll Brothers,Surprise AZ,From $366K,3.0,Remote,,Active,https://www.tollbrothers.com/luxury-homes-for-sale/Arizona/Sterling-Grove
Tapestry at Destination,Toll Brothers,Mesa AZ,From $675K,3.0,Remote,,Active,https://www.tollbrothers.com/luxury-homes-for-sale/Arizona/Tapestry-at-Destination
Toll Brothers at Adero Canyon,Toll Brothers,Fountain Hills AZ,From $1.8M,3.0,Remote,,Active,https://www.tollbrothers.com/luxury-homes-for-sale/Arizona/Toll-Brothers-at-Adero-Canyon
Toll Brothers at Cavasson,Toll Brothers,Scottsdale AZ,Upper $900s,3.0,Remote,,Active,https://www.tollbrothers.com/luxury-homes-for-sale/Arizona/Toll-Brothers-at-Cavasson
Toll Brothers at HighPoint,Toll Brothers,Scottsdale AZ,From $1.58M,3.0,Remote,,Active,https://www.tollbrothers.com/luxury-homes-for-sale/Arizona/Toll-Brothers-at-HighPoint
Toll Brothers at Ladera Trails,Toll Brothers,San Tan Valley AZ,From $863K,3.0,Remote,,Active,https://www.tollbrothers.com/luxury-homes-for-sale/Arizona/Toll-Brothers-at-Ladera-Trails
Toll Brothers at Saddleback,Toll Brothers,Peoria AZ,Contact builder,3.0,Remote,,Active,https://www.tollbrothers.com/luxury-homes-for-sale/Arizona/Toll-Brothers-at-Saddleback
Toll Brothers at Storyrock,Toll Brothers,Scottsdale AZ,Contact builder,3.0,Remote,,Active,https://www.tollbrothers.com/luxury-homes-for-sale/Arizona/Toll-Brothers-at-Storyrock
Valle Norte,Toll Brothers,Phoenix AZ,From $410K,3.0,Remote,,Active,https://www.tollbrothers.com/luxury-homes-for-sale/Arizona/Valle-Norte
Preserve at the Highline,Porchlight Homes,Phoenix AZ,From $562K,3.0,Remote,,Active,https://www.porchlighthomes.com/communities/preserve-at-the-highline
Ridgeline,Porchlight Homes,Phoenix AZ,From $698K,3.0,Remote,,Active,https://www.porchlighthomes.com/communities/ridgeline
Windemere,Porchlight Homes,Phoenix AZ,From $1.18M,3.0,Remote,,Active,https://www.porchlighthomes.com/communities/windemere
Ocotillo Lane,Porchlight Homes,Phoenix AZ,Contact builder,3.0,Remote,,Active,https://www.porchlighthomes.com/communities/ocotillo-lane
The Highline,Porchlight Homes,Phoenix AZ,Contact builder,3.0,Remote,,Active,https://www.porchlighthomes.com/communities/the-highline
Luxury Estates on Hawes,Porchlight Homes,Mesa AZ,Contact builder,3.0,Remote,,Active,https://www.porchlighthomes.com/communities/luxury-estates-on-hawes
5 North,Porchlight Homes,Phoenix AZ,Contact builder,3.0,Remote,,Active,https://www.porchlighthomes.com/communities/5-north
The Level,Porchlight Homes,Tempe AZ,Contact builder,3.0,Remote,,Active,https://www.porchlighthomes.com/communities/the-level
The Collective,Porchlight Homes,Phoenix AZ,Contact builder,3.0,Remote,,Active,https://www.porchlighthomes.com/communities/the-collective
Rialta,Risewell Homes,Mesa AZ,Contact builder,3.0,Remote,,Active,https://risewellhomes.com/arizona/phoenix-new-homes/neighborhoods/rialta
Sunrise,Risewell Homes,Surprise AZ,Contact builder,3.0,Remote,,Active,https://risewellhomes.com/arizona/phoenix-new-homes/masterplans/sunrise
Citrus Park,Risewell Homes,Goodyear AZ,Contact builder,3.0,Remote,,Active,https://risewellhomes.com/arizona/phoenix-new-homes/masterplans/citrus-park
North Creek,Risewell Homes,Queen Creek AZ,Contact builder,3.0,Remote,,Active,https://risewellhomes.com/arizona
Agave Trails,Starlight Homes,Buckeye AZ,$340K–$405K,3.0,Remote,,Active,https://starlighthomes.com/phoenix/agave-trails
Amarillo Creek,Starlight Homes,Maricopa AZ,$297K–$471K,3.0,Remote,,Active,https://starlighthomes.com/phoenix/amarillo-creek
Laveen Farms,Starlight Homes,Phoenix AZ,$400K–$520K,3.0,Remote,,Active,https://starlighthomes.com/phoenix/laveen-farms
Magic Ranch,Starlight Homes,Florence AZ,$312K–$400K,3.0,Remote,,Active,https://starlighthomes.com/phoenix/magic-ranch
Magma Ranch Vistas,Starlight Homes,Florence AZ,$269K–$441K,3.0,Remote,,Active,https://starlighthomes.com/phoenix/magma-ranch
Skyline Village,Starlight Homes,San Tan Valley AZ,$346K–$485K,3.0,Remote,,Active,https://starlighthomes.com/phoenix/skyline-village
Stonebridge Manor,Starlight Homes,Waddell AZ,$395K–$445K,3.0,Remote,,Active,https://starlighthomes.com/phoenix/stonebridge-manor
The Trails,Starlight Homes,Phoenix AZ,$415K–$465K,3.0,Remote,,Active,https://starlighthomes.com/phoenix/the-trails
Wales Ranch,Starlight Homes,San Tan Valley AZ,$375K–$475K,3.0,Remote,,Active,https://starlighthomes.com/phoenix/wales-ranch
Arroyo Vista II,KB Home,Casa Grande AZ,From $316K,3.0,Remote,,Active,https://www.kbhome.com/new-homes-phoenix/arroyo-vista-ii
Bella Camino Traditions,KB Home,San Tan Valley AZ,From $323K,3.0,Remote,,Active,https://www.kbhome.com/new-homes-phoenix/bella-camino-traditions
Entrada del Oro Classics,KB Home,Gold Canyon AZ,From $320K,3.0,Remote,,Active,https://www.kbhome.com/new-homes-phoenix/entrada-del-oro-classics
Mesquite at Teravalis,KB Home,Buckeye AZ,From $330K,3.0,Remote,,Active,https://www.kbhome.com/new-homes-phoenix/mesquite-at-teravalis
Mystic Vista Enclaves,KB Home,Buckeye AZ,From $305K,3.0,Remote,,Active,https://www.kbhome.com/new-homes-phoenix/mystic-vista-enclaves
Mystic Vista Traditions,KB Home,Buckeye AZ,From $295K,3.0,Remote,,Active,https://www.kbhome.com/new-homes-phoenix/mystic-vista-traditions
Skyline Village Enclaves,KB Home,San Tan Valley AZ,From $319K,3.0,Remote,,Active,https://www.kbhome.com/new-homes-phoenix/skyline-village-enclaves
Skyline Village Prelude,KB Home,San Tan Valley AZ,From $292K,3.0,Remote,,Active,https://www.kbhome.com/new-homes-phoenix/skyline-village-prelude
The Enclaves at Sonrisa,KB Home,Queen Creek AZ,From $463K,3.0,Remote,,Active,https://www.kbhome.com/new-homes-phoenix/the-enclaves-at-sonrisa
The Traditions at Teravalis,KB Home,Buckeye AZ,From $305K,3.0,Remote,,Active,https://www.kbhome.com/new-homes-phoenix/the-traditions-at-teravalis
Ventana de Estrellas Enclaves,KB Home,Goodyear AZ,From $357K,3.0,Remote,,Active,https://www.kbhome.com/new-homes-phoenix/ventana-de-estrellas-enclaves2
Alta at Verrado Regent Hills,David Weekley Homes,Buckeye AZ,From $950K,3.0,Remote,,Active,https://www.davidweekleyhomes.com/new-homes/az/phoenix/buckeye/alta-at-verrado-regent-hills
Overlook at Verrado Regent Hills,David Weekley Homes,Buckeye AZ,From $790K,3.0,Remote,,Active,https://www.davidweekleyhomes.com/new-homes/az/phoenix/buckeye/overlook-at-verrado-regent-hills
Skyline at Verrado Regent Hills,David Weekley Homes,Buckeye AZ,From the $600s,3.0,Remote,,Active,https://www.davidweekleyhomes.com/new-homes/az/phoenix/buckeye/skyline-at-verrado-regent-hills
The Heights at Victory,David Weekley Homes,Buckeye AZ,From $1.03M,3.0,Remote,,Active,https://www.davidweekleyhomes.com/new-homes/az/phoenix/buckeye/victory-at-verrado
The Ridge at Victory,David Weekley Homes,Buckeye AZ,From $823K,3.0,Remote,,Active,https://www.davidweekleyhomes.com/new-homes/az/phoenix/buckeye/the-ridge-at-victory
Meridian at Northpointe at Vistancia,David Weekley Homes,Peoria AZ,From $754K,3.0,Remote,,Active,https://www.davidweekleyhomes.com/new-homes/az/phoenix/peoria/meridian
Escena at Blossom Rock,David Weekley Homes,Apache Junction AZ,From $880K,3.0,Remote,,Active,https://www.davidweekleyhomes.com/new-homes/az/phoenix/apache-junction/escena-at-blossom-rock
Canyon Views 70 Sunrise Series,David Weekley Homes,Litchfield Park AZ,From $556K,3.0,Remote,,Active,https://www.davidweekleyhomes.com/new-homes/az/phoenix/litchfield-park/canyon-views-70-sunrise-series
Canyon Views 80 Paradise Series,David Weekley Homes,Litchfield Park AZ,From $721K,3.0,Remote,,Active,https://www.davidweekleyhomes.com/new-homes/az/phoenix/litchfield-park/canyon-views-80-paradise-series
Preserve Ranch,David Weekley Homes,Scottsdale AZ,From $2.29M,3.0,Remote,,Active,https://www.davidweekleyhomes.com/new-homes/az/phoenix/scottsdale/preserve-ranch
Storyrock,David Weekley Homes,Scottsdale AZ,From $1.7M,3.0,Remote,,Active,https://www.davidweekleyhomes.com/new-homes/az/phoenix/scottsdale/storyrock
Solara,Ashton Woods,Laveen AZ,$434K–$541K,3.0,Remote,,Active,https://www.ashtonwoods.com/phoenix/solara
Agave Trails,Ashton Woods,Buckeye AZ,$401K–$437K,3.0,Remote,,Active,https://www.ashtonwoods.com/phoenix/agave-trails
Aloravita,Ashton Woods,Peoria AZ,$575K–$682K,3.0,Remote,,Active,https://www.ashtonwoods.com/phoenix/aloravita
Amarillo Creek,Ashton Woods,Maricopa AZ,$322K–$478K,3.0,Remote,,Active,https://www.ashtonwoods.com/phoenix/amarillo-creek
Estrella Crossing,Ashton Woods,Laveen AZ,$464K–$616K,3.0,Remote,,Active,https://www.ashtonwoods.com/phoenix/estrella-crossing-community
Madera,Ashton Woods,Queen Creek AZ,$581K–$826K,3.0,Remote,,Active,https://www.ashtonwoods.com/phoenix/madera
North Copper Canyon,Ashton Woods,Surprise AZ,$400K–$490K,3.0,Remote,,Active,https://www.ashtonwoods.com/phoenix/north-copper-canyon
Skyline Village,Ashton Woods,San Tan Valley AZ,$365K–$490K,3.0,Remote,,Active,https://www.ashtonwoods.com/phoenix/skyline-village
Stonebridge Manor,Ashton Woods,Surprise AZ,$439K–$579K,3.0,Remote,,Active,https://www.ashtonwoods.com/phoenix/stonebridge-manor
Sunset Farms,Ashton Woods,Tolleson AZ,$400K–$526K,3.0,Remote,,Active,https://www.ashtonwoods.com/phoenix/sunset-farms
Visara,Ashton Woods,Surprise AZ,$416K–$518K,3.0,Remote,,Active,https://www.ashtonwoods.com/phoenix/visara
Wales Ranch,Ashton Woods,San Tan Valley AZ,$424K–$598K,3.0,Remote,,Active,https://www.ashtonwoods.com/phoenix/wales-ranch
Abel Ranch Reserve Series,Meritage Homes,Goodyear AZ,From $552K,3.0,Remote,,Active,https://www.meritagehomes.com/state/az/phoenix/abel-ranch-reserve-series
Allure Vista Reserve Series,Meritage Homes,Buckeye AZ,From $419K,3.0,Remote,,Active,https://www.meritagehomes.com/state/az/phoenix/allure-vista-reserve-series
Anthem at Merrill Ranch,Meritage Homes,Florence AZ,From $340K,3.0,Remote,,Active,https://www.meritagehomes.com/state/az/phoenix/anthem-at-merrill-ranch-reserve-series
Bella Vista Farms,Meritage Homes,San Tan Valley AZ,From $390K,3.0,Remote,,Active,https://www.meritagehomes.com/state/az/phoenix/bella-vista-farms-reserve-series
Blossom Rock,Meritage Homes,Apache Junction AZ,From $532K,3.0,Remote,,Active,https://www.meritagehomes.com/state/az/phoenix/blossom-rock-reserve-series
El Cidro,Meritage Homes,Goodyear AZ,From $435K,3.0,Remote,,Active,https://www.meritagehomes.com/state/az/phoenix/el-cidro
Entrada,Meritage Homes,Tolleson AZ,Contact builder,3.0,Remote,,Active,https://www.meritagehomes.com/state/az/phoenix/entrada-reserve-series
Legacy Place,Meritage Homes,Glendale AZ,From $565K,3.0,Remote,,Active,https://www.meritagehomes.com/state/az/phoenix/legacy-place
Mesquite Mountain Ranch at Frontera,Meritage Homes,Surprise AZ,From $380K,3.0,Remote,,Active,https://www.meritagehomes.com/state/az/phoenix/mesquite-mountain-ranch-at-frontera
Mountain View Estates,Meritage Homes,Buckeye AZ,From $350K,3.0,Remote,,Active,https://www.meritagehomes.com/state/az/phoenix/mountain-view-estates-reserve-series
Paloma Creek,Meritage Homes,Surprise AZ,From $395K,3.0,Remote,,Active,https://www.meritagehomes.com/state/az/phoenix/paloma-creek-estate-series
Rancho Mirage,Meritage Homes,Maricopa AZ,From $340K,3.0,Remote,,Active,https://www.meritagehomes.com/state/az/phoenix/rancho-mirage-reserve-series
San Tan Groves,Meritage Homes,San Tan Valley AZ,From $450K,3.0,Remote,,Active,https://www.meritagehomes.com/state/az/phoenix/san-tan-groves-classic-series
Silva Farms,Meritage Homes,Goodyear AZ,Contact builder,3.0,Remote,,Active,https://www.meritagehomes.com/state/az/phoenix/silva-farms-reserve-series
White Tank Foothills,Meritage Homes,Waddell AZ,From $480K,3.0,Remote,,Active,https://www.meritagehomes.com/state/az/phoenix/white-tank-foothills-reserve-series
Wildera,Meritage Homes,San Tan Valley AZ,From $335K,3.0,Remote,,Active,https://www.meritagehomes.com/state/az/phoenix/wildera
Alta Vida at Westpark,William Ryan Homes,Buckeye AZ,From $396K,3.0,Remote,,Active,https://www.williamryanhomes.com/phoenix/buckeye/alta-vida-at-westpark
The Grove at El Cidro,William Ryan Homes,Goodyear AZ,From $460K,3.0,Remote,,Active,https://www.williamryanhomes.com/phoenix/goodyear/the-grove-at-el-cidro
The Ridge at Sienna Hills,William Ryan Homes,Buckeye AZ,From $470K,3.0,Remote,,Active,https://www.williamryanhomes.com/phoenix/buckeye/the-ridge-at-sienna-hills
Fairways in Victory at Verrado,William Ryan Homes,Buckeye AZ,From $546K,3.0,Remote,,Active,https://www.williamryanhomes.com/phoenix/buckeye/fairways-in-victory-at-verrado
Harmony at Montecito in Estrella,William Ryan Homes,Goodyear AZ,From $661K,3.0,Remote,,Active,https://www.williamryanhomes.com/phoenix/goodyear/harmony-at-montecito-in-estrella
Black Rock at Verrado,Woodside Homes,Buckeye AZ,From $500K,3.0,Remote,,Active,https://www.woodsidehomes.com/findmyhome/arizona/buckeye/black-rock-at-verrado
33 North,Woodside Homes,Gilbert AZ,From $1.15M,3.0,Remote,,Active,https://www.woodsidehomes.com/findmyhome/arizona/gilbert/33-north
Icon at Thunderbird,Woodside Homes,Glendale AZ,From $467K,3.0,Remote,,Active,https://www.woodsidehomes.com/findmyhome/arizona/glendale/icon-at-thunderbird
Estates at Kings Ranch,Woodside Homes,Gold Canyon AZ,From $923K,3.0,Remote,,Active,https://www.woodsidehomes.com/findmyhome/arizona/gold-canyon/estates-at-kings-ranch
313 E Wagon Wheel Dr,Thomas James Homes,Phoenix AZ,$3.2M,3.0,Remote,,Active,https://tjh.com/for-sale/313-e-wagon-wheel-dr/
9834 E Clinton St,Thomas James Homes,Scottsdale AZ,$4.88M,3.0,Remote,,Active,https://tjh.com/for-sale/9834-e-clinton-st/
13402 N 76th Pl,Thomas James Homes,Scottsdale AZ,$4.95M,3.0,Remote,,Active,https://tjh.com/for-sale/13402-n-76th-pl/
11428 N 69th St,Thomas James Homes,Scottsdale AZ,$4.24M,3.0,Remote,,Active,https://tjh.com/for-sale/11428-n-69th-st/
6932 E Joan De Arc A,Thomas James Homes,Scottsdale AZ,$3.73M,3.0,Remote,,Active,https://tjh.com/for-sale/6932-e-joan-de-arc-a/
6249 E Larkspur Dr,Thomas James Homes,Scottsdale AZ,$3.89M,3.0,Remote,,Active,https://tjh.com/for-sale/6249-e-larkspur-dr/
